1.000000,0.000000
0.9968606,0.2217981E-03
0.9923560,0.5385527E-03
0.9870754,0.9076784E-03
0.9813485,0.1305327E-02
0.9754249,0.1713757E-02
0.9694257,0.2124444E-02
0.9633989,0.2534067E-02
0.9573619,0.2941440E-02
0.9513212,0.3346163E-02
0.9452788,0.3748116E-02
0.9392356,0.4147275E-02
0.9331920,0.4543650E-02
0.9271479,0.4937263E-02
0.9211035,0.5328139E-02
0.9150588,0.5716303E-02
0.9090137,0.6101779E-02
0.9029684,0.6484592E-02
0.8969228,0.6864764E-02
0.8908768,0.7242317E-02
0.8848306,0.7617271E-02
0.8787842,0.7989647E-02
0.8727375,0.8359462E-02
0.8666905,0.8726733E-02
0.8606433,0.9091477E-02
0.8545959,0.9453709E-02
0.8485482,0.9813443E-02
0.8425003,0.1017069E-01
0.8364522,0.1052546E-01
0.8304040,0.1087777E-01
0.8243555,0.1122763E-01
0.8183068,0.1157503E-01
0.8122580,0.1192000E-01
0.8062090,0.1226253E-01
0.8001598,0.1260264E-01
0.7941105,0.1294031E-01
0.7880610,0.1327557E-01
0.7820114,0.1360839E-01
0.7759617,0.1393880E-01
0.7699118,0.1426678E-01
0.7638619,0.1459233E-01
0.7578118,0.1491544E-01
0.7517616,0.1523612E-01
0.7457114,0.1555435E-01
0.7396610,0.1587013E-01
0.7336106,0.1618345E-01
0.7275601,0.1649430E-01
0.7215096,0.1680266E-01
0.7154589,0.1710852E-01
0.7094083,0.1741187E-01
0.7033576,0.1771270E-01
0.6973069,0.1801098E-01
0.6912561,0.1830670E-01
0.6852054,0.1859983E-01
0.6791546,0.1889036E-01
0.6731038,0.1917827E-01
0.6670530,0.1946352E-01
0.6610023,0.1974610E-01
0.6549516,0.2002598E-01
0.6489009,0.2030312E-01
0.6428502,0.2057751E-01
0.6367996,0.2084910E-01
0.6307490,0.2111787E-01
0.6246985,0.2138378E-01
0.6186481,0.2164679E-01
0.6125978,0.2190688E-01
0.6065475,0.2216399E-01
0.6004973,0.2241809E-01
0.5944473,0.2266914E-01
0.5883973,0.2291710E-01
0.5823475,0.2316191E-01
0.5762978,0.2340353E-01
0.5702483,0.2364192E-01
0.5641989,0.2387702E-01
0.5581496,0.2410878E-01
0.5521005,0.2433714E-01
0.5460516,0.2456206E-01
0.5400029,0.2478346E-01
0.5339544,0.2500131E-01
0.5279061,0.2521552E-01
0.5218581,0.2542604E-01
0.5158102,0.2563281E-01
0.5097626,0.2583575E-01
0.5037153,0.2603480E-01
0.4976682,0.2622988E-01
0.4916214,0.2642092E-01
0.4855749,0.2660785E-01
0.4795286,0.2679059E-01
0.4734828,0.2696905E-01
0.4674372,0.2714315E-01
0.4613920,0.2731282E-01
0.4553471,0.2747795E-01
0.4493027,0.2763846E-01
0.4432586,0.2779426E-01
0.4372149,0.2794525E-01
0.4311717,0.2809133E-01
0.4251289,0.2823240E-01
0.4190866,0.2836836E-01
0.4130447,0.2849910E-01
0.4070034,0.2862450E-01
0.4009625,0.2874445E-01
0.3949223,0.2885884E-01
0.3888826,0.2896754E-01
0.3828435,0.2907043E-01
0.3768050,0.2916738E-01
0.3707671,0.2925826E-01
0.3647300,0.2934293E-01
0.3586935,0.2942124E-01
0.3526578,0.2949306E-01
0.3466228,0.2955823E-01
0.3405887,0.2961660E-01
0.3345553,0.2966800E-01
0.3285229,0.2971227E-01
0.3224914,0.2974924E-01
0.3164608,0.2977873E-01
0.3104313,0.2980055E-01
0.3044028,0.2981451E-01
0.2983754,0.2982042E-01
0.2923491,0.2981807E-01
0.2863241,0.2980724E-01
0.2803004,0.2978771E-01
0.2742780,0.2975925E-01
0.2682571,0.2972163E-01
0.2622377,0.2967458E-01
0.2562198,0.2961784E-01
0.2502036,0.2955115E-01
0.2441892,0.2947421E-01
0.2381766,0.2938672E-01
0.2321661,0.2928837E-01
0.2261576,0.2917883E-01
0.2201514,0.2905774E-01
0.2141476,0.2892475E-01
0.2081463,0.2877946E-01
0.2021477,0.2862147E-01
0.1961521,0.2845034E-01
0.1901596,0.2826562E-01
0.1841704,0.2806680E-01
0.1781848,0.2785338E-01
0.1722032,0.2762480E-01
0.1662257,0.2738046E-01
0.1602528,0.2711972E-01
0.1542849,0.2684189E-01
0.1483224,0.2654624E-01
0.1423659,0.2623196E-01
0.1364158,0.2589818E-01
0.1304730,0.2554394E-01
0.1245382,0.2516822E-01
0.1186122,0.2476987E-01
0.1126961,0.2434763E-01
0.1067913,0.2390012E-01
0.1008990,0.2342579E-01
0.9502106E-01,0.2292292E-01
0.8915965E-01,0.2238957E-01
0.8331731E-01,0.2182358E-01
0.7749725E-01,0.2122248E-01
0.7170351E-01,0.2058349E-01
0.6594126E-01,0.1990342E-01
0.6021728E-01,0.1917867E-01
0.5454073E-01,0.1840517E-01
0.4892450E-01,0.1757846E-01
0.4338750E-01,0.1669390E-01
0.3795895E-01,0.1574742E-01
0.3268555E-01,0.1473725E-01
0.2764186E-01,0.1366755E-01
0.2293814E-01,0.1255397E-01
0.1870843E-01,0.1142757E-01
0.1506313E-01,0.1032922E-01
0.1203341E-01,0.9293137E-02
0.9567578E-02,0.8335045E-02
0.7572187E-02,0.7453729E-02
0.5946671E-02,0.6636366E-02
0.4610104E-02,0.5868257E-02
0.3503237E-02,0.5136025E-02
0.2583968E-02,0.4427774E-02
0.1823754E-02,0.3733375E-02
0.1204321E-02,0.3044618E-02
0.7170099E-03,0.2357540E-02
0.3573344E-03,0.1669779E-02
0.1233565E-03,0.9845102E-03
0.1326048E-04,0.3220322E-03
0.1326048E-04,-0.3220322E-03
0.1233565E-03,-0.9845102E-03
0.3573344E-03,-0.1669779E-02
0.7170099E-03,-0.2357540E-02
0.1204321E-02,-0.3044618E-02
0.1823754E-02,-0.3733375E-02
0.2583968E-02,-0.4427774E-02
0.3503237E-02,-0.5136025E-02
0.4610104E-02,-0.5868257E-02
0.5946671E-02,-0.6636366E-02
0.7572187E-02,-0.7453729E-02
0.9567578E-02,-0.8335045E-02
0.1203341E-01,-0.9293137E-02
0.1506313E-01,-0.1032922E-01
0.1870843E-01,-0.1142757E-01
0.2293814E-01,-0.1255397E-01
0.2764186E-01,-0.1366755E-01
0.3268555E-01,-0.1473725E-01
0.3795895E-01,-0.1574742E-01
0.4338750E-01,-0.1669390E-01
0.4892450E-01,-0.1757846E-01
0.5454073E-01,-0.1840517E-01
0.6021728E-01,-0.1917867E-01
0.6594126E-01,-0.1990342E-01
0.7170351E-01,-0.2058349E-01
0.7749725E-01,-0.2122248E-01
0.8331731E-01,-0.2182358E-01
0.8915965E-01,-0.2238957E-01
0.9502106E-01,-0.2292292E-01
0.1008990,-0.2342579E-01
0.1067913,-0.2390012E-01
0.1126961,-0.2434763E-01
0.1186122,-0.2476987E-01
0.1245382,-0.2516822E-01
0.1304730,-0.2554394E-01
0.1364158,-0.2589818E-01
0.1423659,-0.2623196E-01
0.1483224,-0.2654624E-01
0.1542849,-0.2684189E-01
0.1602528,-0.2711972E-01
0.1662257,-0.2738046E-01
0.1722032,-0.2762480E-01
0.1781848,-0.2785338E-01
0.1841704,-0.2806680E-01
0.1901596,-0.2826562E-01
0.1961521,-0.2845034E-01
0.2021477,-0.2862147E-01
0.2081463,-0.2877946E-01
0.2141476,-0.2892475E-01
0.2201514,-0.2905774E-01
0.2261576,-0.2917883E-01
0.2321661,-0.2928837E-01
0.2381766,-0.2938672E-01
0.2441892,-0.2947421E-01
0.2502036,-0.2955115E-01
0.2562198,-0.2961784E-01
0.2622377,-0.2967458E-01
0.2682571,-0.2972163E-01
0.2742780,-0.2975925E-01
0.2803004,-0.2978771E-01
0.2863241,-0.2980724E-01
0.2923491,-0.2981807E-01
0.2983754,-0.2982042E-01
0.3044028,-0.2981451E-01
0.3104313,-0.2980055E-01
0.3164608,-0.2977873E-01
0.3224914,-0.2974924E-01
0.3285229,-0.2971227E-01
0.3345553,-0.2966800E-01
0.3405887,-0.2961660E-01
0.3466228,-0.2955823E-01
0.3526578,-0.2949306E-01
0.3586935,-0.2942124E-01
0.3647300,-0.2934293E-01
0.3707671,-0.2925826E-01
0.3768050,-0.2916738E-01
0.3828435,-0.2907043E-01
0.3888826,-0.2896754E-01
0.3949223,-0.2885884E-01
0.4009625,-0.2874445E-01
0.4070034,-0.2862450E-01
0.4130447,-0.2849910E-01
0.4190866,-0.2836836E-01
0.4251289,-0.2823240E-01
0.4311717,-0.2809133E-01
0.4372149,-0.2794525E-01
0.4432586,-0.2779426E-01
0.4493027,-0.2763846E-01
0.4553471,-0.2747795E-01
0.4613920,-0.2731282E-01
0.4674372,-0.2714315E-01
0.4734828,-0.2696905E-01
0.4795286,-0.2679059E-01
0.4855749,-0.2660785E-01
0.4916214,-0.2642092E-01
0.4976682,-0.2622988E-01
0.5037153,-0.2603480E-01
0.5097626,-0.2583575E-01
0.5158102,-0.2563281E-01
0.5218581,-0.2542604E-01
0.5279061,-0.2521552E-01
0.5339544,-0.2500131E-01
0.5400029,-0.2478346E-01
0.5460516,-0.2456206E-01
0.5521005,-0.2433714E-01
0.5581496,-0.2410878E-01
0.5641989,-0.2387702E-01
0.5702483,-0.2364192E-01
0.5762978,-0.2340353E-01
0.5823475,-0.2316191E-01
0.5883973,-0.2291710E-01
0.5944473,-0.2266914E-01
0.6004973,-0.2241809E-01
0.6065475,-0.2216399E-01
0.6125978,-0.2190688E-01
0.6186481,-0.2164679E-01
0.6246985,-0.2138378E-01
0.6307490,-0.2111787E-01
0.6367996,-0.2084910E-01
0.6428502,-0.2057751E-01
0.6489009,-0.2030312E-01
0.6549516,-0.2002598E-01
0.6610023,-0.1974610E-01
0.6670530,-0.1946352E-01
0.6731038,-0.1917827E-01
0.6791546,-0.1889036E-01
0.6852054,-0.1859983E-01
0.6912561,-0.1830670E-01
0.6973069,-0.1801098E-01
0.7033576,-0.1771270E-01
0.7094083,-0.1741187E-01
0.7154589,-0.1710852E-01
0.7215096,-0.1680266E-01
0.7275601,-0.1649430E-01
0.7336106,-0.1618345E-01
0.7396610,-0.1587013E-01
0.7457114,-0.1555435E-01
0.7517616,-0.1523612E-01
0.7578118,-0.1491544E-01
0.7638619,-0.1459233E-01
0.7699118,-0.1426678E-01
0.7759617,-0.1393880E-01
0.7820114,-0.1360839E-01
0.7880610,-0.1327557E-01
0.7941105,-0.1294031E-01
0.8001598,-0.1260264E-01
0.8062090,-0.1226253E-01
0.8122580,-0.1192000E-01
0.8183068,-0.1157503E-01
0.8243555,-0.1122763E-01
0.8304040,-0.1087777E-01
0.8364522,-0.1052546E-01
0.8425003,-0.1017069E-01
0.8485482,-0.9813443E-02
0.8545959,-0.9453709E-02
0.8606433,-0.9091477E-02
0.8666905,-0.8726733E-02
0.8727375,-0.8359462E-02
0.8787842,-0.7989647E-02
0.8848306,-0.7617271E-02
0.8908768,-0.7242317E-02
0.8969228,-0.6864764E-02
0.9029684,-0.6484592E-02
0.9090137,-0.6101779E-02
0.9150588,-0.5716303E-02
0.9211035,-0.5328139E-02
0.9271479,-0.4937263E-02
0.9331920,-0.4543650E-02
0.9392356,-0.4147275E-02
0.9452788,-0.3748116E-02
0.9513212,-0.3346163E-02
0.9573619,-0.2941440E-02
0.9633989,-0.2534067E-02
0.9694257,-0.2124444E-02
0.9754249,-0.1713757E-02
0.9813485,-0.1305327E-02
0.9870754,-0.9076784E-03
0.9923560,-0.5385527E-03
0.9968606,-0.2217981E-03
1.000000,0.000000
